{	
	"nodes": [
    	{ "Label": "Romeo" , "ID": 1, "Alliance": "Montague"},
    	{ "Label": "Juliet" , "ID": 2, "Alliance": "Capulet"},
    	{ "Label": "Friar Lawrence" , "ID": 3, "Alliance": "None"},
    	{ "Label": "Mercutio" , "ID": 4, "Alliance": "None"},
    	{ "Label": "The Nurse" , "ID": 5, "Alliance": "Capulet"},
    	{ "Label": "Tybalt" , "ID": 6, "Alliance": "Capulet"},
    	{ "Label": "Capulet" , "ID": 7, "Alliance": "Capulet"},
    	{ "Label": "Lady Capulet" , "ID": 8, "Alliance": "Capulet"},
    	{ "Label": "Montague" , "ID": 9, "Alliance": "Montague"},
    	{ "Label": "Lady Montague" , "ID": 10, "Alliance": "Montague"},
    	{ "Label": "Paris" , "ID": 11, "Alliance": "Capulet"},
    	{ "Label": "Benvolio" , "ID": 12, "Alliance": "Montague"},
    	{ "Label": "Prince Escalus" , "ID": 13, "Alliance": "None"},
    	{ "Label": "Friar John" , "ID": 14, "Alliance": "None"},
    	{ "Label": "Balthasar" , "ID": 15, "Alliance": "Montague"},
    	{ "Label": "Sampson" , "ID": 16, "Alliance": "Capulet"},
    	{ "Label": "Gregory" , "ID": 17, "Alliance": "Capulet"},
    	{ "Label": "Abram" , "ID": 18, "Alliance": "Montague"},
    	{ "Label": "Peter" , "ID": 19, "Alliance": "Capulet"}
	],

	"edges": [
		{"source": 1, "target": 2, "Relationship": "Romantic partners"}, 
		{"source": 1, "target": 9, "Relationship": "Family members"},
		{"source": 1, "target": 10, "Relationship": "Family members"},
		{"source": 1, "target": 12, "Relationship": "Family members"},
		{"source": 2, "target": 7, "Relationship": "Family members"},
		{"source": 2, "target": 8, "Relationship": "Family members"},

		{"source": 4, "target": 13, "Relationship": "Family members"},
		{"source": 6, "target": 2, "Relationship": "Family members"},
		{"source": 6, "target": 7, "Relationship": "Family members"},
		{"source": 6, "target": 8, "Relationship": "Family members"},

		{"source": 7, "target": 8, "Relationship": "Family members"},
		{"source": 9, "target": 10, "Relationship": "Family members"},
		{"source": 12, "target": 9, "Relationship": "Family members"},
		{"source": 12, "target": 10, "Relationship": "Family members"},
		{"source": 1, "target": 4, "Relationship": "Friends"},
		{"source": 1, "target": 3, "Relationship": "Friends"},
		{"source": 2, "target": 5, "Relationship": "Friends"},
		{"source": 2, "target": 3, "Relationship": "Friends"},
		{"source": 11, "target": 7, "Relationship": "Friends"},
		{"source": 11, "target": 8, "Relationship": "Friends"}, 
		{"source": 14, "target": 3, "Relationship": "Work Colleagues"},
		{"source": 19, "target": 5, "Relationship": "Work Colleagues"}, 

		{"source": 1, "target": 15, "Relationship": "Servant-Master"},
		{"source": 16, "target": 7, "Relationship": "Servant-Master"},
		{"source": 16, "target": 8, "Relationship": "Servant-Master"},
		{"source": 17, "target": 7, "Relationship": "Servant-Master"},
		{"source": 17, "target": 8, "Relationship": "Servant-Master"},
		{"source": 18, "target": 9, "Relationship": "Servant-Master"},
		{"source": 18, "target": 10, "Relationship": "Servant-Master"},
		{"source": 19, "target": 7, "Relationship": "Servant-Master"},
		{"source": 19, "target": 8, "Relationship": "Servant-Master"}
	]
}